Workbook

Sheet Assumptions
A1: Assumption Name | B1: Value | C1: Unit | D1: Source | E1: Confidence Level | F1: Notes
A2: agent_hourly_cost | B2: 22 | C2: GBP | D2: Finance workbook | E2: High | F2: Blended agent hourly cost
A3: working_days_per_month | B3: 21 | C3: days | D3: Finance workbook | E3: High | F3: Used for admin calculations
A4: straightforward_case_share | B4: 0.38 | C4: ratio | D4: Operations estimate | E4: Medium | F4: Suitable for rules-driven self-service
A5: avg_straightforward_case_minutes | B5: 18 | C5: minutes | D5: Operations leadership | E5: Medium | F5: Current case handling time
A6: target_straightforward_case_minutes | B6: 10 | C6: minutes | D6: Operations target | E6: Medium | F6: Target after automation support
A7: missed_follow_up_rate | B7: 0.14 | C7: ratio | D7: Activity tracker analysis | E7: Medium | F7: Indicative rate of missed or delayed follow-up
A8: recovery_uplift_for_plan_selection | B8: 0.04 | C8: ratio | D8: Finance estimate | E8: Low | F8: Test in sensitivity analysis
A9: recovery_uplift_for_promise_capture | B9: 0.025 | C9: ratio | D9: Finance estimate | E9: Low | F9: Scenario based
A10: monthly_recovery_baseline | B10: 8000000 | C10: GBP | D10: Finance workbook | E10: Medium | F10: Baseline monthly recoveries
A11: implementation_cost_low_complexity | B11: 45000 | C11: GBP | D11: Product delivery estimate | E11: Medium | F11: Starter figure
A12: implementation_cost_medium_complexity | B12: 85000 | C12: GBP | D12: Product delivery estimate | E12: Medium | F12: Starter figure

Sheet Baseline Metrics
A1: Metric | B1: Value | C1: Units | D1: Percentage | E1: Source | F1: Confidence | G1: Notes
A2: Duplicate Rates | B2: 2020 | C2: count | D2: 20.42 | E2: recovery_activity_tracker.csv | F2: High
A3: Wasted minutes on duplicates | B3: 13806 | C3: minutes | D3: =(B3*100)/B6 -> 19.943374 | E3: recovery_activity_tracker.csv (duplicate_check_flag, minutes_spent) | F3: High
A4: wasted minutes on spreadsheet reconciliation | B4: 13123 | C4: minutes | D4: =(B4*100)/B6 -> 18.95675 | E4: recovery_activity_tracker.csv (activity_type, minutes_spent) | F4: High
A5: Wasted minutes on unclear actions | B5: 8897 | C5: minutes | D5: =(B5*100)/B6 -> 12.852108 | E5: recovery_activity_tracker.csv (outcome_code, minutes_spent) | F5: Medium
A6: Wasted minutes in Total | B6: 69226 | C6: minutes | D6: =(B6*100)/B6 -> 100 | E6: recovery_activity_tracker.csv (minutes_spent) | F6: High
A7: Self-Service candidate volume | B7: 2516 | C7: count | D7: 77.51 | E7: delinquent_accounts_export.csv | F7: Medium
A8: total delinquent account volume | B8: 3246 | C8: count | E8: delinquent_accounts_export.csv | F8: High
A9: likely straightforward-case volume | B9: 1233 | C9: count | D9: 38 | E9: finance_assumptions.csv | F9: Medium
A10: admin hours spent on manual work | B10: 500.4 | C10: Hours | E10: recovery_activity_tracker.csv (acitivity_type, minutes_spent) | F10: High
A11: missed follow-up rate | B11: 1465 | C11: entries | D11: 0.1481 | E11: finance_assumptions.csv, recovery_activity_tracker.csv (next_follow_up_date) | F11: Medium
A12: current handling effort (average minutes per case) | B12: 21.54 | C12: minutes | E12: recovery_activity_tracker.csv (activity_type, minutes_spent) | F12: Medium

Sheet Oportunities & ROI Summary
A1: Automation Oportunity | B1: Implementation Cost (£) | C1: Implementation Effort (months) | D1: Annual Operational Time Saving (hours) | E1: Total Annual Benefit £ | F1: Net Benefit £ | G1: Recovery Uplift £ | H1: 12-month ROI % | I1: Payback Period (months) | J1: Soft Benefits
A2: Self-service Debt Payment | B2: 45000 | C2: 12 | D2: =((('Baseline Metrics'!B12*1233)/60)/2)*12 -> 2655.882 | E2: =(D2*22) -> 58429.404 | F2: =E2-B2 -> 13429.404 | G2: =Assumptions!B10*Assumptions!B9 -> 200000 | H2: =F2/B2 -> 0.2984312 | I2: =B2/(E2/12) -> 9.2419221 | J2: Faster payments and quicker debt recovery
A3: Automated Cross-Channel Sync & Duplication Elimination | B3: 20000 | C3: 6 | D3: =((('Baseline Metrics'!B3))/2)*12/60 -> 1380.6 | E3: =(D3*22) -> 30373.2 | F3: =E3-B3 -> 10373.2 | G3: =Assumptions!B8*Assumptions!B10 -> 320000 | H3: =F3/B3 -> 0.51866 | I3: =B3/(E3/12) -> 7.9017028 | J3: Agents will spend less working hour reconciling information and less repeated touch points
A4: Automated Case Triage & Queue Escalation | B4: 10000 | C4: 6 | D4: =((('Baseline Metrics'!B4+'Baseline Metrics'!B5)/2)*12)/60 -> 2202 | E4: =(D4*22) -> 48444 | F4: =E4-B4 -> 38444 | G4: =Assumptions!B10*Assumptions!B8 -> 320000 | H4: =F4/B4 -> 3.8444 | I4: =B4/(E4/12) -> 2.4770869 | J4: Accounts with higher deliquency levels will not be left neglected and will have higher visibility
A5: Escalation Automation System | B5: 5000 | C5: 3 | D5: =((('Baseline Metrics'!B10 + 'Baseline Metrics'!B5)/ 2)*12)/60 -> 939.74 | E5: =(D5*22) -> 20674.28 | F5: =E5-B5 -> 15674.28 | G5: =G4 -> 320000 | H5: =F5/B5 -> 3.134856 | I5: =B5/(E5/12) -> 2.9021567 | J5: Higher visibility to team leaders
A6: Automated follow-up update | B6: 10000 | C6: 3 | D6: =(('Baseline Metrics'!B5/2)*12)/60 -> 889.7 | E6: =(D6*22) -> 19573.4 | F6: =E6-B6 -> 9573.4 | G6: =G4 -> 320000 | H6: =F6/B6 -> 0.95734 | I6: =B6/(E6/12) -> 6.1307693 | J6: It will combat duplicates and missed follow up entries

Sheet Calculations
A1: Metric Name | B1: Units | C1: Source | D1: Calculation Logic
A2: Annual hours saved | B2: Hours | C2: recovery_activity_tracker.csv | D2: monthly case volume x minutes saved per case x 12 / 60
A3: Annual Benefit | B3: GBP | C3: recovery_activity_tracker.csv, finance_assumptions.csv | D3: annual hours saved x hourly cost
A4: Net Benefit | B4: GBP | C4: Baseline metrics and assumptions | D4: annual total benefit - implementation cost
A5: 12-month ROI % | B5: % | C5: Baseline metrics and assumptions | D5: net benefit / implementation cost
A6: Payback Period | B6: Months | C6: Baseline metrics and assumptions | D6: implementation cost / monthly benefit

Sheet Sensitivity Analysis
A1: Conservative
A2: Opportunitity Matrix Ranking | B2: Value | C2: Implementation Effort | D2: Confidence in Assumptions | E2: Relevance in Scope
A3: Self-service Debt Payment | B3: 5 | C3: 5 | D3: 5 | E3: 5
A4: Automated Cross-Channel Sync & Duplication Elimination | B4: 4 | C4: 4 | D4: 1 | E4: 1
A5: Automated Case Triage & Queue Escalation | B5: 3 | C5: 3 | D5: 2 | E5: 2
A6: Escalation Automation System | B6: 1 | C6: 1 | D6: 3 | E6: 4
A7: Automated follow-up update | B7: 2 | C7: 2 | D7: 4 | E7: 3
A10: Optimistic
A11: Opportunitity Matrix Ranking | B11: Value | C11: Implementation Effort | D11: Confidence in Assumptions | E11: Relevance in Scope
A12: Self-service Debt Payment | B12: 5 | C12: 5 | D12: 5 | E12: 5
A13: Automated Cross-Channel Sync & Duplication Elimination | B13: 4 | C13: 4 | D13: 1 | E13: 1
A14: Automated Case Triage & Queue Escalation | B14: 3 | C14: 3 | D14: 2 | E14: 2
A15: Escalation Automation System | B15: 1 | C15: 1 | D15: 3 | E15: 4
A16: Automated follow-up update | B16: 2 | C16: 2 | D16: 4 | E16: 3

Sheet Ranked View (conservative)
A1: Rank | B1: Automation Opportunity | C1: Implementation Cost (£) | D1: Effort (months) | E1: Net Benefit (£) | F1: Payback (months) | G1: Time to Value (months) | H1: Recommendation
A2: 1 | B2: Escalation Automation System | C2: 5000 | D2: 3 | E2: 15674 | F2: 2.9 | G2: =F2+D2 -> 5.9 | H2: Phase 1
A3: 2 | B3: Automated Case Triage & Queue Escalation | C3: 10000 | D3: 6 | E3: 38444 | F3: 2.48 | G3: =F3+D3 -> 8.48 | H3: Phase 1
A4: 3 | B4: Escalation Follow Up Update | C4: 10000 | D4: 3 | E4: 9573 | F4: 6.13 | G4: =F4+D4 -> 9.13 | H4: Phase 1
A5: 4 | B5: Automated Cross-Channel Sync & Duplication Elimination | C5: 20000 | D5: 6 | E5: 10373 | F5: 7.9 | G5: =F5+D5 -> 13.9 | H5: Phase 2
A6: 5 | B6: Self-service Debt Payment | C6: 45000 | D6: 12 | E6: 13429 | F6: 9.24 | G6: =F6+D6 -> 21.24 | H6: Phase 2

Sheet Ranked View (optimistic)
A1: Rank | B1: Automation Opportunity | C1: Implementation Cost (£) | D1: Effort (months) | E1: Net Benefit (£) | F1: Payback (months) | G1: Time to Value (months) | H1: Recommendation
A2: 1 | B2: Escalation Automation System | C2: ='Ranked View (conservative)'!C2- ('Ranked View (conservative)'!C2*0.15) -> 4250 | D2: ='Ranked View (conservative)'!D2 - 1 -> 2 | E2: ='Ranked View (conservative)'!E2 + ('Ranked View (conservative)'!E2*0.15) -> 18025.1 | F2: ='Ranked View (conservative)'!F2 - 1 -> 1.9 | G2: =F2+D2 -> 3.9 | H2: Phase 1
A3: 2 | B3: Automated Case Triage & Queue Escalation | C3: ='Ranked View (conservative)'!C3- ('Ranked View (conservative)'!C3*0.15) -> 8500 | D3: ='Ranked View (conservative)'!D3 - 1 -> 5 | E3: ='Ranked View (conservative)'!E3 + ('Ranked View (conservative)'!E3*0.15) -> 44210.6 | F3: ='Ranked View (conservative)'!F3 - 1 -> 1.48 | G3: =F3+D3 -> 6.48 | H3: Phase 1
A4: 3 | B4: Escalation Follow Up Update | C4: ='Ranked View (conservative)'!C4- ('Ranked View (conservative)'!C4*0.15) -> 8500 | D4: ='Ranked View (conservative)'!D4 - 1 -> 2 | E4: ='Ranked View (conservative)'!E4 + ('Ranked View (conservative)'!E4*0.15) -> 11008.95 | F4: ='Ranked View (conservative)'!F4 - 1 -> 5.13 | G4: =F4+D4 -> 7.13 | H4: Phase 1
A5: 4 | B5: Automated Cross-Channel Sync & Duplication Elimination | C5: ='Ranked View (conservative)'!C5- ('Ranked View (conservative)'!C5*0.15) -> 17000 | D5: ='Ranked View (conservative)'!D5 - 1 -> 5 | E5: ='Ranked View (conservative)'!E5 + ('Ranked View (conservative)'!E5*0.15) -> 11928.95 | F5: ='Ranked View (conservative)'!F5 - 1 -> 6.9 | G5: =F5+D5 -> 11.9 | H5: Phase 1
A6: 5 | B6: Self-service Debt Payment | C6: ='Ranked View (conservative)'!C6- ('Ranked View (conservative)'!C6*0.15) -> 38250 | D6: ='Ranked View (conservative)'!D6 - 1 -> 11 | E6: ='Ranked View (conservative)'!E6 + ('Ranked View (conservative)'!E6*0.15) -> 15443.35 | F6: ='Ranked View (conservative)'!F6 - 1 -> 8.24 | G6: =F6+D6 -> 19.24 | H6: Phase 2
